state,indicator_num,indicator,nfhs5_total
Andaman & Nicobar Islands,119,119. Currently married women who usually participate in three household decisions25 (%),94.5
Andaman & Nicobar Islands,120,120. Women who worked in the last 12 months and were paid in cash (%),24.6
Andaman & Nicobar Islands,121,121. Women owning a house and/or land (alone or jointly with others) (%),15.8
Andaman & Nicobar Islands,122,122. Women having a bank or savings account that they themselves use (%),89.2
Andaman & Nicobar Islands,123,123. Women having a mobile phone that they themselves use (%),80.8
Andaman & Nicobar Islands,125,125. Ever-married women age 18-49 years who have ever experienced spousal violence27 (%),17.2
Andhra Pradesh,119,119. Currently married women who usually participate in three household decisions25 (%),84.1
Andhra Pradesh,120,120. Women who worked in the last 12 months and were paid in cash (%),42.1
Andhra Pradesh,121,121. Women owning a house and/or land (alone or jointly with others) (%),47.8
Andhra Pradesh,122,122. Women having a bank or savings account that they themselves use (%),81.8
Andhra Pradesh,123,123. Women having a mobile phone that they themselves use (%),48.9
Andhra Pradesh,125,125. Ever-married women age 18-49 years who have ever experienced spousal violence27 (%),30.0
Arunachal Pradesh,119,119. Currently married women who usually participate in three household decisions25 (%),87.0
Arunachal Pradesh,120,120. Women who worked in the last 12 months and were paid in cash (%),23.5
Arunachal Pradesh,121,121. Women owning a house and/or land (alone or jointly with others) (%),70.2
Arunachal Pradesh,122,122. Women having a bank or savings account that they themselves use (%),78.2
Arunachal Pradesh,123,123. Women having a mobile phone that they themselves use (%),76.4
Arunachal Pradesh,125,125. Ever-married women age 18-49 years who have ever experienced spousal violence27 (%),24.8
Assam,119,119. Currently married women who usually participate in three household decisions25 (%),92.1
Assam,120,120. Women who worked in the last 12 months and were paid in cash (%),19.0
Assam,121,121. Women owning a house and/or land (alone or jointly with others) (%),42.7
Assam,122,122. Women having a bank or savings account that they themselves use (%),78.5
Assam,123,123. Women having a mobile phone that they themselves use (%),57.2
Assam,125,125. Ever-married women age 18-49 years who have ever experienced spousal violence27 (%),32.0
Bihar,119,119. Currently married women who usually participate in three household decisions25 (%),86.5
Bihar,120,120. Women who worked in the last 12 months and were paid in cash (%),12.6
Bihar,121,121. Women owning a house and/or land (alone or jointly with others) (%),55.3
Bihar,122,122. Women having a bank or savings account that they themselves use (%),76.7
Bihar,123,123. Women having a mobile phone that they themselves use (%),51.4
Bihar,125,125. Ever-married women age 18-49 years who have ever experienced spousal violence27 (%),40.0
Chandigarh,119,119. Currently married women who usually participate in three household decisions25 (%),94.6
Chandigarh,120,120. Women who worked in the last 12 months and were paid in cash (%),22.0
Chandigarh,121,121. Women owning a house and/or land (alone or jointly with others) (%),30.4
Chandigarh,122,122. Women having a bank or savings account that they themselves use (%),87.1
Chandigarh,123,123. Women having a mobile phone that they themselves use (%),70.0
Chandigarh,125,125. Ever-married women age 18-49 years who have ever experienced spousal violence27 (%),9.7
Chhattisgarh,119,119. Currently married women who usually participate in three household decisions25 (%),92.7
Chhattisgarh,120,120. Women who worked in the last 12 months and were paid in cash (%),39.1
Chhattisgarh,121,121. Women owning a house and/or land (alone or jointly with others) (%),45.6
Chhattisgarh,122,122. Women having a bank or savings account that they themselves use (%),80.3
Chhattisgarh,123,123. Women having a mobile phone that they themselves use (%),40.7
Chhattisgarh,125,125. Ever-married women age 18-49 years who have ever experienced spousal violence27 (%),20.2
Dadra & Nagar Haveli and Daman & Diu,119,119. Currently married women who usually participate in three household decisions25 (%),91.9
Dadra & Nagar Haveli and Daman & Diu,120,120. Women who worked in the last 12 months and were paid in cash (%),31.5
Dadra & Nagar Haveli and Daman & Diu,121,121. Women owning a house and/or land (alone or jointly with others) (%),55.8
Dadra & Nagar Haveli and Daman & Diu,122,122. Women having a bank or savings account that they themselves use (%),83.6
Dadra & Nagar Haveli and Daman & Diu,123,123. Women having a mobile phone that they themselves use (%),60.5
Dadra & Nagar Haveli and Daman & Diu,125,125. Ever-married women age 18-49 years who have ever experienced spousal violence27 (%),16.8
Goa,119,119. Currently married women who usually participate in three household decisions25 (%),93.1
Goa,120,120. Women who worked in the last 12 months and were paid in cash (%),31.9
Goa,121,121. Women owning a house and/or land (alone or jointly with others) (%),23.2
Goa,122,122. Women having a bank or savings account that they themselves use (%),88.3
Goa,123,123. Women having a mobile phone that they themselves use (%),91.2
Goa,125,125. Ever-married women age 18-49 years who have ever experienced spousal violence27 (%),8.3
Gujarat,119,119. Currently married women who usually participate in three household decisions25 (%),92.2
Gujarat,120,120. Women who worked in the last 12 months and were paid in cash (%),30.8
Gujarat,121,121. Women owning a house and/or land (alone or jointly with others) (%),42.6
Gujarat,122,122. Women having a bank or savings account that they themselves use (%),70.0
Gujarat,123,123. Women having a mobile phone that they themselves use (%),48.8
Gujarat,125,125. Ever-married women age 18-49 years who have ever experienced spousal violence27 (%),14.0
Haryana,119,119. Currently married women who usually participate in three household decisions25 (%),87.5
Haryana,120,120. Women who worked in the last 12 months and were paid in cash (%),18.8
Haryana,121,121. Women owning a house and/or land (alone or jointly with others) (%),39.3
Haryana,122,122. Women having a bank or savings account that they themselves use (%),73.6
Haryana,123,123. Women having a mobile phone that they themselves use (%),50.4
Haryana,125,125. Ever-married women age 18-49 years who have ever experienced spousal violence27 (%),18.2
Himachal Pradesh,119,119. Currently married women who usually participate in three household decisions25 (%),93.9
Himachal Pradesh,120,120. Women who worked in the last 12 months and were paid in cash (%),20.2
Himachal Pradesh,121,121. Women owning a house and/or land (alone or jointly with others) (%),23.1
Himachal Pradesh,122,122. Women having a bank or savings account that they themselves use (%),83.1
Himachal Pradesh,123,123. Women having a mobile phone that they themselves use (%),79.5
Himachal Pradesh,125,125. Ever-married women age 18-49 years who have ever experienced spousal violence27 (%),8.3
Jammu & Kashmir,119,119. Currently married women who usually participate in three household decisions25 (%),81.6
Jammu & Kashmir,120,120. Women who worked in the last 12 months and were paid in cash (%),18.4
Jammu & Kashmir,121,121. Women owning a house and/or land (alone or jointly with others) (%),57.3
Jammu & Kashmir,122,122. Women having a bank or savings account that they themselves use (%),84.9
Jammu & Kashmir,123,123. Women having a mobile phone that they themselves use (%),75.2
Jammu & Kashmir,125,125. Ever-married women age 18-49 years who have ever experienced spousal violence27 (%),9.6
Jharkhand,119,119. Currently married women who usually participate in three household decisions25 (%),91.0
Jharkhand,120,120. Women who worked in the last 12 months and were paid in cash (%),18.0
Jharkhand,121,121. Women owning a house and/or land (alone or jointly with others) (%),64.2
Jharkhand,122,122. Women having a bank or savings account that they themselves use (%),79.6
Jharkhand,123,123. Women having a mobile phone that they themselves use (%),49.0
Jharkhand,125,125. Ever-married women age 18-49 years who have ever experienced spousal violence27 (%),31.5
Karnataka,119,119. Currently married women who usually participate in three household decisions25 (%),82.7
Karnataka,120,120. Women who worked in the last 12 months and were paid in cash (%),37.0
Karnataka,121,121. Women owning a house and/or land (alone or jointly with others) (%),67.6
Karnataka,122,122. Women having a bank or savings account that they themselves use (%),88.7
Karnataka,123,123. Women having a mobile phone that they themselves use (%),61.8
Karnataka,125,125. Ever-married women age 18-49 years who have ever experienced spousal violence27 (%),44.4
Kerala,119,119. Currently married women who usually participate in three household decisions25 (%),94.1
Kerala,120,120. Women who worked in the last 12 months and were paid in cash (%),25.8
Kerala,121,121. Women owning a house and/or land (alone or jointly with others) (%),27.3
Kerala,122,122. Women having a bank or savings account that they themselves use (%),78.5
Kerala,123,123. Women having a mobile phone that they themselves use (%),86.6
Kerala,125,125. Ever-married women age 18-49 years who have ever experienced spousal violence27 (%),9.9
Ladakh,119,119. Currently married women who usually participate in three household decisions25 (%),80.4
Ladakh,120,120. Women who worked in the last 12 months and were paid in cash (%),28.3
Ladakh,121,121. Women owning a house and/or land (alone or jointly with others) (%),72.2
Ladakh,122,122. Women having a bank or savings account that they themselves use (%),88.4
Ladakh,123,123. Women having a mobile phone that they themselves use (%),81.2
Ladakh,125,125. Ever-married women age 18-49 years who have ever experienced spousal violence27 (%),18.1
Lakshadweep,119,119. Currently married women who usually participate in three household decisions25 (%),92.2
Lakshadweep,120,120. Women who worked in the last 12 months and were paid in cash (%),10.9
Lakshadweep,121,121. Women owning a house and/or land (alone or jointly with others) (%),30.7
Lakshadweep,122,122. Women having a bank or savings account that they themselves use (%),66.9
Lakshadweep,123,123. Women having a mobile phone that they themselves use (%),84.0
Lakshadweep,125,125. Ever-married women age 18-49 years who have ever experienced spousal violence27 (%),1.3
Madhya Pradesh,119,119. Currently married women who usually participate in three household decisions25 (%),86.0
Madhya Pradesh,120,120. Women who worked in the last 12 months and were paid in cash (%),26.8
Madhya Pradesh,121,121. Women owning a house and/or land (alone or jointly with others) (%),39.9
Madhya Pradesh,122,122. Women having a bank or savings account that they themselves use (%),74.7
Madhya Pradesh,123,123. Women having a mobile phone that they themselves use (%),38.5
Madhya Pradesh,125,125. Ever-married women age 18-49 years who have ever experienced spousal violence27 (%),28.1
Maharashtra,119,119. Currently married women who usually participate in three household decisions25 (%),89.8
Maharashtra,120,120. Women who worked in the last 12 months and were paid in cash (%),34.7
Maharashtra,121,121. Women owning a house and/or land (alone or jointly with others) (%),22.9
Maharashtra,122,122. Women having a bank or savings account that they themselves use (%),72.8
Maharashtra,123,123. Women having a mobile phone that they themselves use (%),54.8
Maharashtra,125,125. Ever-married women age 18-49 years who have ever experienced spousal violence27 (%),25.2
Manipur,119,119. Currently married women who usually participate in three household decisions25 (%),94.8
Manipur,120,120. Women who worked in the last 12 months and were paid in cash (%),42.1
Manipur,121,121. Women owning a house and/or land (alone or jointly with others) (%),58.4
Manipur,122,122. Women having a bank or savings account that they themselves use (%),74.0
Manipur,123,123. Women having a mobile phone that they themselves use (%),72.2
Manipur,125,125. Ever-married women age 18-49 years who have ever experienced spousal violence27 (%),39.6
Meghalaya,119,119. Currently married women who usually participate in three household decisions25 (%),92.3
Meghalaya,120,120. Women who worked in the last 12 months and were paid in cash (%),40.0
Meghalaya,121,121. Women owning a house and/or land (alone or jointly with others) (%),65.0
Meghalaya,122,122. Women having a bank or savings account that they themselves use (%),70.4
Meghalaya,123,123. Women having a mobile phone that they themselves use (%),67.5
Meghalaya,125,125. Ever-married women age 18-49 years who have ever experienced spousal violence27 (%),16.0
Mizoram,119,119. Currently married women who usually participate in three household decisions25 (%),98.8
Mizoram,120,120. Women who worked in the last 12 months and were paid in cash (%),29.2
Mizoram,121,121. Women owning a house and/or land (alone or jointly with others) (%),20.8
Mizoram,122,122. Women having a bank or savings account that they themselves use (%),80.7
Mizoram,123,123. Women having a mobile phone that they themselves use (%),82.3
Mizoram,125,125. Ever-married women age 18-49 years who have ever experienced spousal violence27 (%),10.9
NCT Delhi,119,119. Currently married women who usually participate in three household decisions25 (%),92.0
NCT Delhi,120,120. Women who worked in the last 12 months and were paid in cash (%),24.9
NCT Delhi,121,121. Women owning a house and/or land (alone or jointly with others) (%),22.7
NCT Delhi,122,122. Women having a bank or savings account that they themselves use (%),72.5
NCT Delhi,123,123. Women having a mobile phone that they themselves use (%),73.8
NCT Delhi,125,125. Ever-married women age 18-49 years who have ever experienced spousal violence27 (%),22.6
Nagaland,119,119. Currently married women who usually participate in three household decisions25 (%),99.2
Nagaland,120,120. Women who worked in the last 12 months and were paid in cash (%),23.6
Nagaland,121,121. Women owning a house and/or land (alone or jointly with others) (%),26.9
Nagaland,122,122. Women having a bank or savings account that they themselves use (%),63.7
Nagaland,123,123. Women having a mobile phone that they themselves use (%),82.5
Nagaland,125,125. Ever-married women age 18-49 years who have ever experienced spousal violence27 (%),6.4
Odisha,119,119. Currently married women who usually participate in three household decisions25 (%),90.2
Odisha,120,120. Women who worked in the last 12 months and were paid in cash (%),25.7
Odisha,121,121. Women owning a house and/or land (alone or jointly with others) (%),43.5
Odisha,122,122. Women having a bank or savings account that they themselves use (%),86.5
Odisha,123,123. Women having a mobile phone that they themselves use (%),50.1
Odisha,125,125. Ever-married women age 18-49 years who have ever experienced spousal violence27 (%),30.6
Puducherry,119,119. Currently married women who usually participate in three household decisions25 (%),97.9
Puducherry,120,120. Women who worked in the last 12 months and were paid in cash (%),38.2
Puducherry,121,121. Women owning a house and/or land (alone or jointly with others) (%),37.3
Puducherry,122,122. Women having a bank or savings account that they themselves use (%),92.6
Puducherry,123,123. Women having a mobile phone that they themselves use (%),82.9
Puducherry,125,125. Ever-married women age 18-49 years who have ever experienced spousal violence27 (%),30.5
Punjab,119,119. Currently married women who usually participate in three household decisions25 (%),91.4
Punjab,120,120. Women who worked in the last 12 months and were paid in cash (%),22.3
Punjab,121,121. Women owning a house and/or land (alone or jointly with others) (%),63.5
Punjab,122,122. Women having a bank or savings account that they themselves use (%),81.6
Punjab,123,123. Women having a mobile phone that they themselves use (%),61.2
Punjab,125,125. Ever-married women age 18-49 years who have ever experienced spousal violence27 (%),11.6
Rajasthan,119,119. Currently married women who usually participate in three household decisions25 (%),87.7
Rajasthan,120,120. Women who worked in the last 12 months and were paid in cash (%),17.4
Rajasthan,121,121. Women owning a house and/or land (alone or jointly with others) (%),26.6
Rajasthan,122,122. Women having a bank or savings account that they themselves use (%),79.6
Rajasthan,123,123. Women having a mobile phone that they themselves use (%),50.2
Rajasthan,125,125. Ever-married women age 18-49 years who have ever experienced spousal violence27 (%),24.3
Sikkim,119,119. Currently married women who usually participate in three household decisions25 (%),89.7
Sikkim,120,120. Women who worked in the last 12 months and were paid in cash (%),32.7
Sikkim,121,121. Women owning a house and/or land (alone or jointly with others) (%),53.1
Sikkim,122,122. Women having a bank or savings account that they themselves use (%),76.4
Sikkim,123,123. Women having a mobile phone that they themselves use (%),88.6
Sikkim,125,125. Ever-married women age 18-49 years who have ever experienced spousal violence27 (%),12.1
Tamil Nadu,119,119. Currently married women who usually participate in three household decisions25 (%),92.8
Tamil Nadu,120,120. Women who worked in the last 12 months and were paid in cash (%),40.8
Tamil Nadu,121,121. Women owning a house and/or land (alone or jointly with others) (%),47.9
Tamil Nadu,122,122. Women having a bank or savings account that they themselves use (%),92.2
Tamil Nadu,123,123. Women having a mobile phone that they themselves use (%),74.6
Tamil Nadu,125,125. Ever-married women age 18-49 years who have ever experienced spousal violence27 (%),38.1
Telangana,119,119. Currently married women who usually participate in three household decisions25 (%),87.2
Telangana,120,120. Women who worked in the last 12 months and were paid in cash (%),45.1
Telangana,121,121. Women owning a house and/or land (alone or jointly with others) (%),66.6
Telangana,122,122. Women having a bank or savings account that they themselves use (%),84.4
Telangana,123,123. Women having a mobile phone that they themselves use (%),60.0
Telangana,125,125. Ever-married women age 18-49 years who have ever experienced spousal violence27 (%),36.9
Tripura,119,119. Currently married women who usually participate in three household decisions25 (%),90.9
Tripura,120,120. Women who worked in the last 12 months and were paid in cash (%),23.1
Tripura,121,121. Women owning a house and/or land (alone or jointly with others) (%),17.2
Tripura,122,122. Women having a bank or savings account that they themselves use (%),76.9
Tripura,123,123. Women having a mobile phone that they themselves use (%),53.1
Tripura,125,125. Ever-married women age 18-49 years who have ever experienced spousal violence27 (%),20.7
Uttar Pradesh,119,119. Currently married women who usually participate in three household decisions25 (%),87.6
Uttar Pradesh,120,120. Women who worked in the last 12 months and were paid in cash (%),15.5
Uttar Pradesh,121,121. Women owning a house and/or land (alone or jointly with others) (%),51.9
Uttar Pradesh,122,122. Women having a bank or savings account that they themselves use (%),75.4
Uttar Pradesh,123,123. Women having a mobile phone that they themselves use (%),46.5
Uttar Pradesh,125,125. Ever-married women age 18-49 years who have ever experienced spousal violence27 (%),34.8
Uttarakhand,119,119. Currently married women who usually participate in three household decisions25 (%),91.0
Uttarakhand,120,120. Women who worked in the last 12 months and were paid in cash (%),21.6
Uttarakhand,121,121. Women owning a house and/or land (alone or jointly with others) (%),24.6
Uttarakhand,122,122. Women having a bank or savings account that they themselves use (%),80.2
Uttarakhand,123,123. Women having a mobile phone that they themselves use (%),60.9
Uttarakhand,125,125. Ever-married women age 18-49 years who have ever experienced spousal violence27 (%),15.1
West Bengal,119,119. Currently married women who usually participate in three household decisions25 (%),88.9
West Bengal,120,120. Women who worked in the last 12 months and were paid in cash (%),20.2
West Bengal,121,121. Women owning a house and/or land (alone or jointly with others) (%),23.2
West Bengal,122,122. Women having a bank or savings account that they themselves use (%),76.5
West Bengal,123,123. Women having a mobile phone that they themselves use (%),50.1
West Bengal,125,125. Ever-married women age 18-49 years who have ever experienced spousal violence27 (%),27.0
